has_higher_ed,avg_past_claims
0.0,3.889194139194139
1.0,3.959258101490049
