accident_key,num_claims,avg_payout
11.0,1827,3656.8402134646967
10.0,1784,3590.610089686099
8.0,1659,3613.743911995178
3.0,1589,3563.01449339207
7.0,1475,3690.169593220339
1.0,1469,3446.8401906058534
2.0,1469,3561.214322668482
12.0,1463,3696.405611756664
4.0,1378,3677.817489114659
9.0,1364,3602.3828739002934
5.0,1302,3589.4195468509984
6.0,1221,3522.374381654381
,1,
