{
  "train_f1": 0.6197911058468827,
  "train_auc": 0.8637828269539624,
  "test_f1": 0.5757575757575758,
  "test_auc": 0.8343929879644165,
  "best_threshold": 0.32,
  "n_features": 27
}