has_higher_ed,avg_payout,total_claims
,,1
1.0,3609.3796547027723,12482
0.0,3586.9607738310983,5518
