column,corr_with_subrogation
accident_key,0.11235893186705202
policy_report_filed_ind,0.020447886109444972
year_of_born,0.006593114618776577
safety_rating,0.005311134178540938
zip_code,0.00011884085486675594
driver_key,-0.0008168695156950352
policyholder_key,-0.0016752808496359435
vehicle_key,-0.001720068356119944
claim_number,-0.002118443852330679
age_of_DL,-0.00690242748203773
claim_est_payout,-0.01108162859348215
liab_prct,-0.3020257727940284
